Pet name,Animal Type,Breed
MIA,CAT,DOMESTIC SH
*SUPERPIG,OTHER,GUINEA PIG
SANDY CHEEKS,DOG,AM PIT BULL TER / BOXER
*PUDDY TAT,CAT,DOMESTIC SH
*PICCARD,CAT,DOMESTIC MH
*JEAN LUKE,CAT,DOMESTIC MH
FISH 17,OTHER,TROPICAL
FISH 8,OTHER,TROPICAL
FISH 33,OTHER,TROPICAL
NAJIA,DOG,BULL TERRIER / MIX
*PEPPER ANN,CAT,DOMESTIC MH
MOOSE,DOG,BLACK MOUTH CUR / MIX
FERB,OTHER,GUINEA PIG
*JAMBALAYA,DOG,AM PIT BULL TER
PHIN,OTHER,GUINEA PIG
TIRAMISU,CAT,DOMESTIC SH
*SURGE,DOG,AMER BULLDOG / MIX
*CURTIS,DOG,AM PIT BULL TER
KAYLA,DOG,LABRADOR RETR / MIX
ZINA,DOG,AMERICAN STAFF
BANANA,OTHER,RABBIT SH
*ORDELIA,DOG,BOXER / MIX
*EDGE,DOG,AM PIT BULL TER
MINION,DOG,BOXER / MIX
PEANUT,BIRD,PARAKEET
*SPICY DRAGON ROLL,CAT,DOMESTIC SH
*AIR CONDITIONER,CAT,DOMESTIC SH
FINLEY,DOG,CANE CORSO / STAFFORDSHIRE
FISH 24,OTHER,TROPICAL
DOLLY,CAT,DOMESTIC LH
CUTIE,DOG,AM PIT BULL TER
*SHELLY,DOG,GERM SHEPHERD / MIX
*KISMET,CAT,DOMESTIC MH
JACK,CAT,DOMESTIC SH
*JASPER,DOG,AUST CATTLE DOG / MIX
FISH 32,OTHER,TROPICAL
ETHAN,CAT,DOMESTIC SH
*CROWBAR,BIRD,CHICKEN / BANTAM
*INCHWORM,DOG,AM PIT BULL TER
*HIELO,DOG,AM PIT BULL TER / MIX
SNOW,CAT,MANX
FISH 6,OTHER,TROPICAL
*TWINKLE,CAT,DOMESTIC SH
*RUMPUS,CAT,DOMESTIC SH
OREO,CAT,DOMESTIC SH
CHICO,DOG,AM PIT BULL TER / MIX
FILLET,CAT,DOMESTIC SH
AKIRA,DOG,AUST CATTLE DOG / MIX
*ROOSTY,BIRD,CHICKEN / BANTAM
*LUCY PEARL,CAT,DOMESTIC SH
*LOLA,CAT,DOMESTIC MH
TOMBO,CAT,DOMESTIC SH
KILO,DOG,LABRADOR RETR / BORDER COLLIE
WAGGLES,DOG,AM PIT BULL TER
BANANA,DOG,BOXER / MIX
FISH 76,OTHER,TROPICAL
*ETON,DOG,AM PIT BULL TER
FISH 28,OTHER,TROPICAL
FISH 35,OTHER,TROPICAL
BUTTON,CAT,DOMESTIC SH
FISH 37,OTHER,TROPICAL
FISH 34,OTHER,TROPICAL
FISH 5,OTHER,TROPICAL
PEACH,OTHER,GUINEA PIG
JUNIOR ASPARAGUS,DOG,AUST CATTLE DOG / MIX
FISH 14,OTHER,TROPICAL
FISH 13,OTHER,TROPICAL
FISH 36,OTHER,TROPICAL
FISH 31,OTHER,TROPICAL
CHICKPEA,BIRD,PARAKEET
JEFE,DOG,AM PIT BULL TER / MIX
CANOLLI,CAT,DOMESTIC MH
WILLOW,CAT,DOMESTIC SH
CHAPARRA,DOG,AM PIT BULL TER / MIX
*FIFI,CAT,DOMESTIC MH
COOKIE,OTHER,GUINEA PIG
LEELA,CAT,DOMESTIC SH
CHEWBACA,OTHER,GUINEA PIG
FISH 68,OTHER,TROPICAL
FISH 62,OTHER,TROPICAL
FISH 79,OTHER,TROPICAL
FISH 66,OTHER,TROPICAL
MOE,DOG,MASTIFF
*IHOP,OTHER,RABBIT SH
THEODORE,CAT,DOMESTIC SH
FISH 78,OTHER,TROPICAL
FISH 67,OTHER,TROPICAL
*CANDY APPLE,CAT,DOMESTIC SH
FISH 75,OTHER,TROPICAL
FISH 52,OTHER,TROPICAL
FISH 48,OTHER,TROPICAL
FISH 46,OTHER,TROPICAL
FISH 74,OTHER,TROPICAL
FISH 58,OTHER,TROPICAL
FISH 44,OTHER,TROPICAL
FISH 59,OTHER,TROPICAL
FISH 60,OTHER,TROPICAL
FISH 42,OTHER,TROPICAL
FISH 57,OTHER,TROPICAL
FISH 65,OTHER,TROPICAL
FISH 40,OTHER,TROPICAL
FISH 73,OTHER,TROPICAL
FISH 69,OTHER,TROPICAL
FISH 64,OTHER,TROPICAL
FISH 80,OTHER,TROPICAL
FISH 43,OTHER,TROPICAL
FISH 56,OTHER,TROPICAL
FISH 50,OTHER,TROPICAL
FISH 63,OTHER,TROPICAL
FISH 70,OTHER,TROPICAL
FISH 45,OTHER,TROPICAL
FISH 53,OTHER,TROPICAL
FISH 54,OTHER,TROPICAL
FISH 55,OTHER,TROPICAL
FISH 77,OTHER,TROPICAL
FISH 49,OTHER,TROPICAL
FISH 61,OTHER,TROPICAL
FISH 41,OTHER,TROPICAL
FISH 72,OTHER,TROPICAL
FISH 71,OTHER,TROPICAL
FISH 81,OTHER,TROPICAL
FISH 51,OTHER,TROPICAL
FISH 47,OTHER,TROPICAL
FISH 19,OTHER,TROPICAL
FISH 39,OTHER,TROPICAL
FISH 9,OTHER,TROPICAL
FISH 16,OTHER,TROPICAL
FISH 20,OTHER,TROPICAL
FISH 7,OTHER,TROPICAL
FISH 12,OTHER,TROPICAL
NINO,CAT,DOMESTIC MH
FISH 30,OTHER,TROPICAL
FISH 18,OTHER,TROPICAL
FISH 3,OTHER,TROPICAL
FISH 21,OTHER,TROPICAL
FISH 4,OTHER,TROPICAL
FISH 26,OTHER,TROPICAL
FISH 10,OTHER,TROPICAL
FISH 29,OTHER,TROPICAL
FISH 2,OTHER,TROPICAL
FISH 1,OTHER,TROPICAL
FISH 22,OTHER,TROPICAL
FISH 15,OTHER,TROPICAL
FISH 11,OTHER,TROPICAL
FISH 25,OTHER,TROPICAL
FISH 38,OTHER,TROPICAL
FISH 23,OTHER,TROPICAL
FISH 27,OTHER,TROPICAL
*STUFFIN',CAT,DOMESTIC SH
ROCKY,DOG,SIBERIAN HUSKY / MIX
TRINITY,DOG,AM PIT BULL TER
*DOMER,DOG,CANE CORSO
JAMESON,CAT,DOMESTIC SH
MAXWELL,OTHER,GUINEA PIG
NUGGET,OTHER,GUINEA PIG
UNIQUE,OTHER,GUINEA PIG
*POKEY,CAT,DOMESTIC SH
THUNDA,DOG,LABRADOR RETR / MIX
SALEM,CAT,DOMESTIC MH
OLIN,OTHER,TURTLE / REDEARED SLIDER
ODESSA,DOG,AM PIT BULL TER
DOUG,DOG,POINTER / MIX
LEON,CAT,DOMESTIC SH
*FOODIE,DOG,AM PIT BULL TER
